{
  "timestamp": "2025-08-29T19:25:04.520093",
  "single_document": {
    "small": {
      "original_ms": 4.463990998920053,
      "optimized_ms": 2.8440198017051443,
      "improvement_percent": 36.28975053056377,
      "speedup": 1.5696061596489759
    },
    "medium": {
      "original_ms": 13.574883405817673,
      "optimized_ms": 7.238634995883331,
      "improvement_percent": 46.67626395390527,
      "speedup": 1.8753374653560813
    },
    "large": {
      "original_ms": 25.026888999855146,
      "optimized_ms": 4.3415478023234755,
      "improvement_percent": 82.65246710308818,
      "speedup": 5.764508451677407
    },
    "very_large": {
      "original_ms": 95.93381950253388,
      "optimized_ms": 6.557792999956291,
      "improvement_percent": 93.16425319667057,
      "speedup": 14.62897952149043
    }
  },
  "batch_processing": {
    "small": {
      "original_throughput": 237.12653779871818,
      "optimized_throughput": 356.39375309770674,
      "improvement_percent": 50.29686529654771
    },
    "medium": {
      "original_throughput": 69.82960475987566,
      "optimized_throughput": 103.64832463419091,
      "improvement_percent": 48.43034697190153
    }
  },
  "optimizations": {
    "parallel": {
      "sequential_time_s": 0.05676718900213018,
      "parallel_time_s": 0.05959643500682432,
      "speedup": 0.9525265898141363
    },
    "caching": {
      "first_analysis_ms": 8.131021008011885,
      "cached_analysis_ms": 0.01862600038293749,
      "cache_speedup": 436.54143889422323
    },
    "streaming": {
      "document_size_chars": 367468,
      "standard_time_ms": 15.646368003217503,
      "streaming_time_ms": 7.261260005179793,
      "streaming_efficiency": 2.1547731374522088
    }
  },
  "targets_achieved": true
}